Username,RecipeID
kennethmoore,21
kennethmoore,9
kennethmoore,14
kennethmoore,38
timothy17,49
jenkinsjeffery,34
duncancassie,35
duncancassie,2
duncancassie,27
duncancassie,36
huberkayla,16
huberkayla,10
huberkayla,5
huberkayla,42
huberkayla,27
jessicagutierrez,28
jessicagutierrez,46
davisvalerie,43
davisvalerie,28
davisvalerie,25
davisvalerie,7
jonesmelissa,26
jonesmelissa,22
jonesmelissa,23
jonesmelissa,30
michael00,50
michael00,22
michael00,39
michael00,16
awarner,27
awarner,37
awarner,46
awarner,17
fgalvan,20
fgalvan,17
fgalvan,49
fgalvan,43
reyesjohn,41
reyesjohn,3
reyesjohn,38
matthew08,40
matthew08,39
matthew08,13
matthew08,48
louis05,5
louis05,11
louis05,27
jeff42,16
jeff42,41
jeff42,49
kmason,35
kmason,6
kmason,12
kmason,19
kmason,32
blackmatthew,44
blackmatthew,14
miguelnewton,33
ypineda,38
ypineda,17
ypineda,44
zpayne,24
walkerian,11
walkerian,44
montgomeryalison,32
montgomeryalison,22
davidlatoya,14
davidlatoya,11
davidlatoya,27
davidlatoya,26
sandra86,8
sandra86,18
sandra86,48
sandra86,42
sarah46,35
sarah46,45
ryanpowell,32
ryanpowell,4
ryanpowell,26
robert30,33
robert30,32
robert30,21
robert30,41
bblackburn,19
bblackburn,39
bblackburn,28
bblackburn,4
bblackburn,15
smithjessica,10
smithjessica,33
smithjessica,24
