RecipeID,Name,SavedStatus,CategoryID,ViewCount
1,Pressure Dish,True,6,584
2,Pressure Dish,True,3,3871
3,Continue Dish,True,4,4198
4,Close Dish,False,6,4105
5,Member Dish,False,5,2543
6,Source Dish,True,20,4566
7,Interview Dish,True,22,1505
8,Who Dish,False,4,1087
9,Course Dish,False,28,2212
10,News Dish,True,27,4206
11,Keep Dish,True,4,2239
12,Film Dish,False,24,3293
13,Production Dish,False,17,4065
14,Seek Dish,True,34,4918
15,Per Dish,False,22,332
16,Marriage Dish,False,11,1011
17,Claim Dish,True,33,153
18,Bit Dish,True,24,4557
19,Both Dish,False,18,3948
20,Close Dish,True,29,2344
21,Middle Dish,False,26,3658
22,Sit Dish,True,35,3081
23,Report Dish,True,23,3225
24,Art Dish,True,31,1438
25,Us Dish,False,15,492
26,Oil Dish,True,27,118
27,Second Dish,True,15,1068
28,Rock Dish,True,22,4177
29,Firm Dish,True,17,3914
30,Expert Dish,True,28,1114
31,Approach Dish,False,16,3818
32,Among Dish,False,8,3780
33,My Dish,True,19,1844
34,Consumer Dish,False,29,1553
35,Blood Dish,True,7,107
